15:22:59.376,-0.03,-0.14,-0.05,0.01,-1.05,0.10,
15:22:59.550,0.03,-0.24,0.00,0.01,-1.04,0.09,
15:22:59.631,-0.23,-0.09,-0.21,0.01,-1.06,0.09,
15:22:59.798,-0.07,-0.24,-0.16,0.02,-1.05,0.09,
15:22:59.922,0.00,0.07,-0.07,0.01,-1.05,0.10,
15:23:00.046,-0.17,0.03,-0.14,0.03,-1.05,0.10,
15:23:00.170,-0.37,0.00,0.00,0.02,-1.05,0.10,
15:23:00.310,-0.30,0.03,-0.12,0.02,-1.05,0.11,
15:23:00.393,0.00,0.09,-0.10,0.02,-1.05,0.09,
15:23:00.548,0.14,0.12,-0.05,0.02,-1.06,0.10,
15:23:06.635,-0.02,-0.12,0.05,0.02,-1.05,0.09,
15:23:06.761,-0.23,0.02,-0.19,0.01,-1.04,0.09,
15:23:06.887,-0.02,-0.03,0.00,0.02,-1.05,0.10,
15:23:07.047,-0.19,-0.05,-0.07,0.02,-1.05,0.11,
15:23:07.187,0.24,0.07,-0.21,0.01,-1.05,0.10,
15:23:07.268,0.17,0.07,-0.05,0.01,-1.05,0.09,
15:23:07.396,0.16,0.10,-0.07,0.01,-1.06,0.10,
15:23:07.524,-0.16,0.19,-0.10,0.01,-1.06,0.10,
15:23:07.650,0.00,0.02,-0.10,0.01,-1.06,0.09,
15:23:07.822,-0.19,0.09,-0.23,0.02,-1.05,0.10,
15:23:07.904,-0.12,-0.03,-0.12,0.01,-1.06,0.10,
15:23:08.031,0.07,-0.10,-0.19,0.01,-1.05,0.10,
15:23:08.159,0.03,-0.03,-0.16,0.01,-1.05,0.10,
15:23:08.286,-0.03,0.05,0.02,0.01,-1.06,0.10,
15:23:08.412,-0.31,0.00,0.07,0.01,-1.05,0.10,
15:23:08.540,0.07,-0.17,-0.07,0.02,-1.05,0.09,
15:23:08.668,-0.42,-0.12,-0.07,0.01,-1.05,0.09,
15:23:08.793,-0.23,-0.38,0.00,0.01,-1.06,0.10,
15:23:08.920,0.00,0.05,0.09,0.01,-1.05,0.10,
15:23:09.093,-0.12,-0.12,-0.14,0.01,-1.05,0.09,
15:23:09.174,0.05,-0.05,-0.17,0.01,-1.06,0.09,
15:23:09.302,0.09,0.14,-0.16,0.01,-1.06,0.09,
15:23:09.430,-0.14,0.19,-0.16,0.01,-1.05,0.10,
15:23:09.555,-0.12,0.24,-0.21,0.01,-1.05,0.09,
15:23:09.727,-0.12,0.09,-0.09,0.01,-1.05,0.09,
15:23:09.810,-0.40,0.00,0.03,0.02,-1.05,0.09,
15:23:09.936,-0.26,-0.12,-0.10,0.00,-1.06,0.10,
15:23:10.064,0.09,0.00,0.02,0.02,-1.05,0.08,
15:23:10.192,0.16,0.23,-0.23,0.02,-1.05,0.09,
15:23:10.363,-0.03,-0.05,-0.09,0.01,-1.05,0.10,
15:23:10.488,-0.19,-0.09,0.09,0.02,-1.05,0.11,
15:23:10.574,0.14,-0.12,0.26,0.02,-1.05,0.09,
15:23:10.699,-0.07,-0.14,0.10,0.02,-1.05,0.10,
15:23:10.826,0.12,-0.12,-0.16,0.02,-1.04,0.09,
15:23:10.999,-0.26,-0.49,-0.17,0.01,-1.05,0.10,
15:23:11.125,-0.12,-0.17,0.09,0.01,-1.05,0.10,
15:23:11.207,0.00,0.00,-0.33,0.01,-1.06,0.09,
15:23:11.336,-0.14,0.10,0.00,0.01,-1.06,0.09,
15:23:11.461,-0.30,0.07,-0.10,0.02,-1.05,0.10,
15:23:11.588,-0.10,0.02,-0.12,0.01,-1.05,0.09,
15:23:11.759,-0.17,-0.07,-0.12,0.02,-1.06,0.10,
15:23:11.842,-0.21,0.02,-0.02,0.01,-1.06,0.09,
15:23:11.970,0.33,-0.33,0.07,0.02,-1.05,0.08,
15:23:12.144,-0.09,-0.17,0.09,0.02,-1.05,0.10,
15:23:12.224,-0.16,-0.33,-0.26,0.01,-1.05,0.10,
15:23:12.351,-0.03,-0.02,-0.21,0.02,-1.05,0.09,
15:23:12.478,-0.16,0.14,-0.05,0.01,-1.06,0.09,
15:23:12.605,-0.02,-0.10,0.00,0.02,-1.05,0.09,
15:23:12.732,-0.09,0.02,-0.17,0.01,-1.06,0.10,
15:23:12.861,0.16,0.02,-0.19,0.01,-1.05,0.09,
15:23:13.029,-0.02,0.14,-0.12,0.01,-1.06,0.09,
15:23:13.113,0.09,0.07,-0.14,0.02,-1.05,0.10,
15:23:13.242,-0.16,-0.03,0.05,0.01,-1.05,0.10,
15:23:13.402,0.16,-0.14,0.00,0.01,-1.04,0.09,
15:23:13.541,0.03,-0.12,0.12,0.02,-1.05,0.10,
15:23:13.622,0.03,-0.40,0.05,0.02,-1.05,0.10,
15:23:13.749,0.00,0.09,-0.07,0.01,-1.04,0.10,
15:23:13.875,-0.26,-0.07,-0.19,0.02,-1.05,0.10,
15:23:14.004,0.23,-0.17,0.05,0.02,-1.06,0.09,
15:23:14.168,-0.12,-0.05,0.03,0.01,-1.04,0.09,
15:23:14.257,0.38,-0.14,-0.05,0.01,-1.05,0.09,
15:23:14.430,0.03,0.05,0.03,0.02,-1.05,0.09,
15:23:14.512,-0.38,0.00,-0.21,0.02,-1.06,0.11,
15:23:14.678,0.02,-0.23,-0.03,0.02,-1.06,0.09,
15:23:14.767,-0.26,0.16,-0.12,0.01,-1.05,0.11,
15:23:14.894,-0.02,-0.19,-0.07,0.02,-1.05,0.10,
15:23:15.019,-0.14,0.03,-0.07,0.01,-1.06,0.10,
15:23:15.146,0.07,-0.14,0.16,0.01,-1.06,0.10,
15:23:15.314,-0.12,-0.07,0.02,0.02,-1.05,0.09,
15:23:15.425,-0.37,-0.16,-0.19,0.01,-1.06,0.10,
15:23:15.565,-0.07,0.19,-0.17,0.01,-1.06,0.10,
15:23:15.656,0.00,0.33,-0.17,0.01,-1.06,0.10,
15:23:15.781,0.09,0.00,-0.10,0.01,-1.06,0.09,
15:23:15.954,0.21,0.03,-0.07,0.01,-1.06,0.09,
15:23:16.037,0.02,-0.03,-0.14,0.02,-1.06,0.10,
15:23:16.204,0.07,0.14,-0.21,0.01,-1.05,0.09,
15:23:16.290,0.10,-0.03,-0.09,0.02,-1.05,0.09,
15:23:16.449,0.10,0.12,-0.26,0.02,-1.06,0.10,
15:23:16.589,-0.09,0.05,-0.12,0.01,-1.06,0.10,
15:23:16.671,-0.16,0.07,-0.07,0.02,-1.06,0.10,
15:23:16.800,0.30,-0.31,-0.03,0.03,-1.05,0.07,
15:23:16.927,-0.12,-0.09,-0.14,0.01,-1.06,0.10,
15:23:17.052,0.12,0.03,-0.02,0.02,-1.06,0.10,
15:23:17.194,0.03,-0.02,-0.05,0.02,-1.05,0.10,
15:23:17.334,-0.16,-0.05,-0.14,0.01,-1.05,0.10,
15:23:17.473,-0.23,-0.05,0.00,0.01,-1.05,0.10,
15:23:17.560,0.24,-0.21,0.14,0.02,-1.05,0.09,
15:23:17.689,-0.28,-0.10,0.07,0.02,-1.05,0.09,
15:23:17.847,0.24,0.02,-0.14,0.01,-1.05,0.10,
15:23:17.988,0.19,0.10,-0.16,0.02,-1.05,0.10,
15:23:18.071,0.03,0.02,-0.03,0.02,-1.05,0.09,
15:23:18.195,-0.05,-0.09,-0.02,0.01,-1.06,0.09,
15:23:18.323,-0.26,-0.14,-0.12,0.02,-1.05,0.09,
15:23:18.450,0.09,-0.09,0.00,0.02,-1.06,0.09,
15:23:18.577,-0.12,-0.10,-0.12,0.01,-1.05,0.10,
15:23:18.704,0.03,-0.09,0.05,0.01,-1.05,0.10,
15:23:18.858,-0.54,-0.23,0.02,0.01,-1.06,0.11,
15:23:18.998,0.00,-0.23,0.07,0.02,-1.06,0.09,
15:23:19.085,-0.26,-0.02,0.00,0.02,-1.06,0.10,
15:23:19.212,0.12,-0.05,-0.02,0.01,-1.05,0.09,
15:23:19.385,-0.17,0.17,-0.05,0.01,-1.05,0.09,
15:23:19.466,0.05,0.09,-0.12,0.01,-1.05,0.11,
15:23:19.595,-0.19,0.05,-0.09,0.01,-1.05,0.10,
15:23:19.757,0.12,0.00,-0.05,0.02,-1.05,0.09,
15:23:19.882,-0.10,-0.03,-0.09,0.01,-1.05,0.10,
15:23:20.021,0.61,0.12,-0.09,0.01,-1.04,0.09,
15:23:20.101,0.00,0.03,-0.02,0.02,-1.05,0.10,
15:23:20.228,0.00,-0.05,-0.02,0.01,-1.05,0.09,
15:23:20.357,0.16,0.03,-0.12,0.01,-1.05,0.10,
15:23:20.482,0.10,0.10,-0.07,0.02,-1.05,0.09,
15:23:20.610,0.05,0.24,0.02,0.02,-1.07,0.10,
15:23:20.737,-0.02,0.23,-0.07,0.01,-1.06,0.09,
15:23:20.907,-0.24,0.14,0.02,0.01,-1.05,0.10,
15:23:20.991,-0.12,-0.35,0.12,0.01,-1.08,0.10,
15:23:21.118,-0.31,-0.19,0.03,0.01,-1.05,0.09,
15:23:21.246,-0.03,-0.17,-0.10,0.02,-1.05,0.09,
15:23:21.405,-0.05,0.09,-0.16,0.02,-1.05,0.09,
15:23:21.546,-0.17,-0.07,0.12,0.02,-1.05,0.10,
15:23:21.671,-0.02,-0.07,-0.09,0.02,-1.06,0.10,
15:23:21.753,-0.38,0.05,-0.10,0.01,-1.05,0.10,
15:23:21.880,-0.17,0.14,0.02,0.01,-1.05,0.10,
15:23:22.009,-0.17,-0.19,-0.05,0.02,-1.06,0.09,
15:23:22.168,-0.12,0.03,-0.19,0.01,-1.06,0.09,
15:23:22.308,-0.21,-0.05,-0.07,0.01,-1.05,0.10,
15:23:22.390,-0.26,-0.16,-0.10,0.02,-1.06,0.09,
15:23:22.516,0.10,0.12,-0.26,0.01,-1.06,0.08,
15:23:22.684,0.14,0.00,-0.14,0.01,-1.06,0.10,
15:23:22.770,0.07,0.17,-0.23,0.01,-1.05,0.09,
15:23:22.897,0.03,0.16,-0.17,0.02,-1.06,0.09,
15:23:23.058,0.02,0.05,-0.26,0.02,-1.06,0.09,
15:23:23.198,-0.05,-0.07,-0.07,0.02,-1.05,0.09,
15:23:23.278,-0.02,0.09,-0.10,0.02,-1.05,0.09,
15:23:23.406,0.10,0.12,-0.03,0.02,-1.05,0.09,
15:23:23.573,0.42,0.35,-0.14,0.01,-1.06,0.09,
15:23:23.697,-0.16,0.05,-0.10,0.02,-1.05,0.10,
15:23:23.787,-0.24,-0.14,-0.12,0.02,-1.06,0.10,
15:23:23.915,0.42,-0.47,-0.02,0.02,-1.05,0.08,
15:23:24.040,-0.37,-0.14,-0.03,0.02,-1.07,0.09,
15:23:24.168,0.07,-0.21,-0.07,0.01,-1.06,0.10,
15:23:24.295,0.09,-0.02,-0.10,0.02,-1.05,0.10,
15:23:24.423,0.05,-0.02,0.03,0.01,-1.06,0.10,
15:23:24.549,-0.19,-0.17,0.07,0.02,-1.06,0.09,
15:23:24.707,0.33,-0.42,0.12,0.01,-1.05,0.09,
15:23:24.847,-0.10,-0.10,-0.03,0.01,-1.04,0.10,
15:23:24.930,0.02,-0.23,-0.09,0.02,-1.04,0.09,
15:23:25.096,-0.33,-0.21,-0.02,0.02,-1.05,0.10,
15:23:25.184,-0.12,0.14,-0.05,0.01,-1.05,0.09,
15:23:25.311,-0.26,-0.24,0.07,0.01,-1.05,0.09,
15:23:25.439,-0.17,-0.28,-0.12,0.01,-1.05,0.08,
15:23:25.565,-0.07,-0.17,-0.26,0.01,-1.05,0.09,
15:23:25.692,-0.09,-0.19,-0.05,0.02,-1.04,0.09,
15:23:25.855,-0.16,0.17,-0.10,0.01,-1.06,0.10,
15:23:25.946,-0.05,-0.02,-0.07,0.01,-1.06,0.09,
15:23:26.103,-0.24,-0.12,0.00,0.02,-1.05,0.09,
15:23:26.246,0.09,-0.45,0.17,0.02,-1.05,0.08,
15:23:26.328,-0.26,-0.09,0.12,0.02,-1.05,0.10,
15:23:26.492,0.09,0.12,-0.17,0.02,-1.04,0.09,
15:23:26.584,-0.12,0.05,-0.02,0.01,-1.06,0.09,
15:23:26.709,0.19,0.12,-0.17,0.01,-1.05,0.09,
15:23:26.867,-0.07,-0.03,-0.24,0.01,-1.04,0.09,
15:23:26.993,-0.17,0.03,-0.26,0.02,-1.05,0.11,
15:23:27.132,0.07,-0.05,0.07,0.02,-1.05,0.08,
15:23:27.217,0.23,0.40,-0.19,0.01,-1.06,0.10,
15:23:27.346,0.02,0.21,0.10,0.02,-1.05,0.09,
15:23:27.490,0.00,0.14,0.03,0.02,-1.05,0.09,
15:23:27.616,-0.26,-0.23,0.05,0.01,-1.05,0.08,
15:23:27.755,-0.28,-0.56,0.24,0.02,-1.05,0.11,
15:23:27.895,0.03,-0.40,-0.07,0.01,-1.05,0.09,
15:23:27.979,-0.23,-0.28,0.16,0.02,-1.06,0.09,
15:23:28.107,-0.07,0.07,0.02,0.02,-1.06,0.10,
15:23:28.271,0.00,0.00,0.07,0.01,-1.06,0.09,
15:23:28.396,0.35,0.26,-0.23,0.02,-1.07,0.09,
15:23:28.490,0.07,0.47,0.00,0.01,-1.07,0.10,
15:23:28.615,-0.02,0.14,-0.12,0.01,-1.04,0.10,
15:23:28.785,-0.16,0.10,-0.05,0.01,-1.05,0.09,
15:23:28.869,-0.02,0.05,-0.02,0.02,-1.05,0.08,
15:23:28.998,0.10,0.14,-0.05,0.02,-1.05,0.09,
15:23:29.123,0.05,0.37,-0.23,-0.00,-1.05,0.09,
15:23:29.285,-0.17,0.17,0.02,0.01,-1.05,0.09,
15:23:29.425,-0.35,-0.09,-0.21,0.02,-1.06,0.09,
15:23:29.504,-0.12,0.07,-0.23,0.01,-1.06,0.09,
15:23:29.631,-0.02,-0.05,-0.03,0.01,-1.05,0.09,
15:23:29.760,-0.35,-0.10,-0.09,0.01,-1.06,0.09,
15:23:29.885,-0.47,-0.10,-0.14,0.02,-1.04,0.10,
15:23:30.059,-0.03,0.21,-0.07,0.02,-1.07,0.09,
15:23:30.182,0.07,-0.14,0.00,0.01,-1.06,0.09,
15:23:30.307,0.05,0.07,-0.10,0.01,-1.06,0.09,
15:23:30.393,-0.02,0.10,-0.12,0.01,-1.06,0.09,
15:23:30.522,-0.14,-0.03,-0.07,0.01,-1.05,0.08,
15:23:30.679,-0.10,-0.24,0.05,0.02,-1.06,0.09,
15:23:30.804,-0.14,-0.02,-0.09,0.00,-1.07,0.10,
15:23:30.943,-0.10,0.12,-0.03,0.01,-1.05,0.10,
15:23:31.067,0.07,0.12,-0.19,0.01,-1.05,0.09,
15:23:31.156,0.07,0.07,-0.12,0.02,-1.05,0.10,
15:23:31.330,-0.03,0.00,0.02,0.02,-1.05,0.09,
15:23:31.410,-0.07,0.07,-0.03,0.02,-1.05,0.09,
15:23:31.584,-0.02,0.02,-0.03,0.01,-1.05,0.09,
15:23:31.667,0.33,-0.09,0.00,0.02,-1.06,0.09,
15:23:31.792,-0.14,0.02,-0.24,0.02,-1.06,0.09,
15:23:31.918,-0.16,0.00,0.03,0.01,-1.05,0.09,
15:23:32.046,-0.24,-0.12,0.05,0.01,-1.05,0.09,
15:23:32.174,-0.07,-0.19,0.12,0.02,-1.04,0.09,
15:23:32.299,-0.33,-0.16,-0.02,0.01,-1.05,0.10,
15:23:32.469,-0.09,-0.07,-0.02,0.02,-1.05,0.09,
15:23:32.594,-0.19,0.03,-0.07,0.01,-1.05,0.09,
15:23:32.680,-0.16,-0.16,0.00,0.01,-1.06,0.10,
15:23:32.810,-0.12,-0.14,-0.10,0.01,-1.05,0.09,
15:23:32.937,-0.24,-0.26,-0.14,0.01,-1.05,0.10,
15:23:33.062,-0.07,-0.10,0.19,0.01,-1.05,0.09,
15:23:33.189,-0.09,-0.19,0.10,0.01,-1.06,0.09,
15:23:33.317,-0.07,0.07,0.03,0.01,-1.06,0.08,
15:23:33.478,-0.16,-0.16,0.00,0.02,-1.06,0.09,
15:23:33.570,-0.21,-0.28,-0.07,0.02,-1.06,0.09,
15:23:33.713,0.19,-0.09,-0.26,0.01,-1.06,0.09,
15:23:33.853,0.03,0.07,-0.14,0.02,-1.06,0.08,
15:23:33.993,-0.02,0.14,-0.24,0.02,-1.06,0.09,
15:23:34.117,-0.02,0.19,-0.23,0.01,-1.06,0.09,
15:23:34.205,0.09,0.02,-0.26,0.02,-1.06,0.08,
15:23:34.334,0.10,-0.02,-0.07,0.02,-1.05,0.09,
15:23:34.461,0.12,0.28,-0.35,0.01,-1.06,0.08,
15:23:34.586,0.33,0.28,-0.23,0.01,-1.05,0.08,
15:23:34.714,-0.03,0.37,-0.23,0.02,-1.05,0.09,
15:23:34.843,0.00,0.03,-0.05,0.01,-1.06,0.09,
15:23:34.968,-0.24,-0.10,-0.03,0.02,-1.05,0.09,
15:23:35.140,-0.51,-0.14,-0.05,0.02,-1.06,0.10,
15:23:35.266,-0.37,0.00,0.10,0.02,-1.04,0.09,
15:23:35.349,0.03,0.30,0.00,0.02,-1.05,0.09,
15:23:35.516,-0.12,0.59,-0.31,0.01,-1.05,0.10,
15:23:35.603,-0.24,0.19,-0.21,0.02,-1.05,0.09,
15:23:35.730,-0.10,0.28,-0.12,0.01,-1.04,0.08,
15:23:35.888,0.58,0.47,-0.05,0.01,-1.04,0.08,
15:23:36.012,0.19,0.02,-0.07,0.02,-1.05,0.08,
15:23:36.111,0.49,0.00,-0.21,0.02,-1.03,0.10,
15:23:36.238,-0.02,-0.54,-0.07,0.02,-1.04,0.09,
15:23:36.368,-0.03,-0.19,0.02,0.02,-1.05,0.09,
15:23:36.492,0.14,-0.24,0.00,0.02,-1.06,0.09,
15:23:36.663,0.23,-0.31,0.07,0.02,-1.05,0.10,
15:23:36.790,0.51,-0.31,-0.19,0.01,-1.08,0.09,
15:23:36.916,0.17,0.05,0.14,0.01,-1.06,0.10,
15:23:37.001,0.07,0.03,-0.02,0.02,-1.05,0.09,
15:23:37.128,-0.07,-0.05,0.02,0.02,-1.05,0.09,
15:23:37.255,0.35,0.16,-0.02,0.01,-1.06,0.09,
15:23:37.382,-0.02,0.02,0.07,0.02,-1.05,0.10,
15:23:37.510,0.12,-0.03,-0.05,0.02,-1.07,0.09,
15:23:37.676,0.09,0.19,-0.03,0.02,-1.04,0.09,
15:23:37.763,-0.09,0.09,-0.09,0.02,-1.06,0.10,
15:23:37.892,-0.05,-0.17,-0.07,0.01,-1.05,0.09,
15:23:38.017,-0.10,-0.09,-0.07,0.01,-1.05,0.09,
15:23:38.144,-0.03,0.10,-0.14,0.01,-1.05,0.10,
15:23:38.312,-0.03,0.12,-0.07,0.01,-1.05,0.10,
15:23:38.398,-0.30,-0.03,-0.07,0.01,-1.06,0.10,
15:23:38.525,-0.12,-0.05,-0.02,0.01,-1.06,0.10,
15:23:38.653,-0.05,-0.03,0.03,0.02,-1.05,0.09,
15:23:38.811,-0.09,-0.05,0.00,0.01,-1.05,0.09,
15:23:38.949,-0.16,0.10,-0.09,0.02,-1.05,0.09,
15:23:39.036,-0.19,0.16,-0.12,0.01,-1.05,0.09,
15:23:39.161,-0.33,-0.07,-0.03,0.02,-1.04,0.09,
15:23:39.287,-0.33,-0.05,-0.26,0.01,-1.05,0.09,
15:23:39.417,-0.05,-0.12,-0.14,0.01,-1.05,0.09,
15:23:39.543,-0.02,0.03,-0.03,0.02,-1.06,0.09,
15:23:39.712,-0.49,0.00,-0.10,0.01,-1.06,0.09,
15:23:39.797,-0.17,-0.35,0.16,0.01,-1.06,0.08,
15:23:39.963,-0.28,0.03,-0.03,0.02,-1.06,0.08,
15:23:40.050,0.05,0.02,-0.12,0.01,-1.06,0.09,
15:23:40.178,-0.16,0.26,-0.21,0.02,-1.05,0.08,
15:23:40.348,-0.23,0.02,0.05,0.02,-1.06,0.08,
15:23:40.473,0.00,-0.02,0.02,0.02,-1.05,0.09,
15:23:40.559,0.03,0.17,-0.35,0.01,-1.07,0.07,
15:23:40.687,0.24,-0.05,-0.14,0.01,-1.05,0.08,
15:23:40.812,0.12,0.17,-0.24,0.02,-1.04,0.09,
15:23:40.939,0.09,0.00,-0.09,0.02,-1.05,0.09,
15:23:41.111,-0.03,0.05,-0.07,0.02,-1.05,0.09,
15:23:41.193,-0.38,-0.10,0.12,0.03,-1.05,0.09,
15:23:41.321,0.07,-0.16,0.07,0.02,-1.04,0.08,
15:23:41.449,0.02,-0.03,0.03,0.01,-1.05,0.09,
15:23:41.576,0.05,-0.28,-0.07,0.02,-1.05,0.09,
15:23:41.747,0.17,0.14,-0.10,0.01,-1.05,0.09,
15:23:41.831,-0.54,-0.58,0.19,0.02,-1.05,0.09,
15:23:41.994,-0.07,-0.16,0.17,0.01,-1.04,0.09,
15:23:42.083,0.24,0.07,-0.16,0.01,-1.06,0.09,
15:23:42.212,-0.02,-0.21,-0.05,0.01,-1.05,0.09,
15:23:42.354,-0.17,0.07,-0.07,0.02,-1.05,0.09,
15:23:42.465,-0.24,0.30,0.03,0.01,-1.06,0.09,
15:23:42.592,-0.40,-0.03,0.09,0.02,-1.05,0.09,
15:23:42.719,-0.28,-0.28,0.03,0.02,-1.05,0.08,
15:23:42.845,-0.58,0.17,-0.10,0.00,-1.06,0.09,
15:23:42.973,-0.44,-0.02,-0.07,0.01,-1.05,0.08,
15:23:43.100,-0.19,-0.07,-0.09,0.01,-1.05,0.08,
15:23:43.226,0.49,-0.45,-0.03,0.01,-1.06,0.09,
15:23:43.354,0.87,0.19,-0.40,0.02,-1.05,0.09,
15:23:43.482,-0.26,0.35,-0.17,0.03,-1.05,0.09,
15:23:43.608,0.28,-0.02,0.00,0.01,-1.06,0.08,
15:23:43.736,-0.26,-0.24,0.10,0.01,-1.05,0.08,
15:23:43.909,0.35,0.05,-0.07,0.01,-1.06,0.07,
15:23:43.989,0.12,0.37,-0.24,0.02,-1.05,0.08,
15:23:44.117,0.23,0.31,-0.14,0.02,-1.05,0.09,
15:23:44.244,0.38,0.02,-0.21,0.02,-1.05,0.09,
15:23:44.370,0.00,0.16,-0.17,0.02,-1.05,0.08,
15:23:44.497,0.30,-0.10,-0.10,0.02,-1.05,0.09,
15:23:44.671,0.14,0.14,-0.21,0.01,-1.06,0.09,
15:23:44.752,0.02,-0.16,-0.16,0.01,-1.06,0.10,
15:23:44.879,0.05,-0.07,-0.14,0.01,-1.05,0.09,
15:23:45.007,-0.16,-0.23,-0.05,0.02,-1.05,0.09,
15:23:45.132,-0.21,-0.19,0.21,0.02,-1.04,0.09,
15:23:45.261,0.03,-0.28,-0.12,0.02,-1.06,0.09,
15:23:45.388,0.31,-0.17,-0.23,0.02,-1.06,0.09,
15:23:45.545,-0.14,0.17,0.00,0.02,-1.05,0.09,
15:23:45.685,-0.12,-0.17,0.00,0.02,-1.05,0.10,
15:23:45.768,0.07,0.14,-0.31,0.01,-1.06,0.08,
15:23:45.895,0.07,0.23,-0.05,0.02,-1.06,0.09,
15:23:46.022,-0.31,-0.02,-0.05,0.02,-1.05,0.10,
15:23:46.196,-0.10,0.03,-0.10,0.03,-1.06,0.08,
15:23:46.276,-0.12,-0.10,0.03,0.02,-1.05,0.10,
15:23:46.403,-0.21,0.23,-0.09,0.03,-1.05,0.09,
15:23:46.532,0.12,-0.12,0.16,0.03,-1.06,0.09,
15:23:46.657,-0.09,-0.03,0.03,0.02,-1.05,0.09,
15:23:46.832,0.26,-0.14,0.00,0.01,-1.05,0.09,
15:23:46.955,-0.21,0.07,0.00,0.02,-1.06,0.09,
15:23:47.038,-0.35,-0.24,-0.05,0.03,-1.05,0.09,
15:23:47.165,-0.12,-0.23,-0.10,0.01,-1.06,0.08,
15:23:47.294,0.09,0.17,-0.21,0.01,-1.06,0.08,
15:23:47.421,0.23,0.17,-0.17,0.01,-1.06,0.09,
15:23:47.547,0.07,0.12,-0.33,0.02,-1.06,0.09,
15:23:47.676,-0.05,0.09,-0.10,0.01,-1.05,0.08,
15:23:47.801,0.05,-0.02,-0.19,0.03,-1.06,0.09,
15:23:47.928,-0.23,0.00,-0.02,0.02,-1.05,0.09,
15:23:48.056,-0.19,0.31,-0.23,0.01,-1.06,0.09,
15:23:48.183,0.30,0.21,-0.03,0.01,-1.06,0.09,
15:23:48.356,-0.03,0.28,-0.09,0.02,-1.05,0.09,
15:23:48.436,0.02,0.10,-0.17,0.02,-1.04,0.09,
15:23:48.565,0.02,0.16,-0.03,0.02,-1.04,0.08,
15:23:48.690,0.00,0.10,-0.14,0.02,-1.05,0.09,
15:23:48.817,0.30,0.07,-0.02,0.02,-1.06,0.09,
15:23:48.976,0.05,-0.14,0.02,0.03,-1.04,0.09,
15:23:49.116,0.17,0.12,-0.16,0.02,-1.06,0.09,
15:23:49.198,-0.07,0.26,-0.05,0.02,-1.06,0.10,
15:23:49.327,0.07,-0.05,0.09,0.01,-1.06,0.09,
15:23:49.452,-0.05,0.02,-0.09,0.01,-1.05,0.08,
15:23:49.580,0.28,0.09,0.14,0.03,-1.06,0.08,
15:23:49.709,-0.03,0.23,0.14,0.02,-1.05,0.09,
15:23:49.881,0.28,-0.14,-0.02,0.02,-1.07,0.09,
15:23:50.007,0.02,0.17,-0.09,0.02,-1.06,0.09,
15:23:50.088,-0.02,-0.03,0.05,0.02,-1.05,0.09,
15:23:50.217,-0.09,0.00,-0.10,0.02,-1.05,0.09,
15:23:50.379,0.12,0.19,-0.33,0.01,-1.06,0.09,
15:23:50.471,0.12,0.21,0.02,0.01,-1.06,0.09,
15:23:50.628,-0.17,0.02,-0.17,0.02,-1.05,0.08,
15:23:50.752,-0.02,0.03,-0.10,0.01,-1.06,0.09,
15:23:50.891,-0.03,0.05,-0.03,0.02,-1.05,0.09,
15:23:50.979,-0.09,0.00,-0.10,0.02,-1.05,0.09,
15:23:51.105,-0.33,0.07,-0.19,0.02,-1.05,0.09,
15:23:51.277,-0.05,-0.23,0.07,0.02,-1.04,0.09,
15:23:51.359,-0.33,-0.10,-0.02,0.02,-1.05,0.09,
15:23:51.486,-0.31,-0.07,-0.21,0.02,-1.04,0.09,
15:23:51.614,-0.58,-0.10,0.09,0.02,-1.05,0.10,
15:23:51.759,-0.40,0.07,0.07,0.02,-1.05,0.10,
15:23:51.899,-0.42,-0.05,-0.10,0.02,-1.05,0.09,
15:23:52.040,0.09,0.05,0.02,0.02,-1.05,0.08,
15:23:52.123,-0.09,-0.07,-0.02,0.02,-1.05,0.08,
15:23:52.248,0.33,0.14,-0.23,0.02,-1.03,0.08,
15:23:52.376,0.21,0.19,-0.21,0.02,-1.04,0.08,
15:23:52.503,-0.21,-0.17,-0.07,0.03,-1.05,0.09,
15:23:52.662,-0.31,-0.28,0.12,0.03,-1.05,0.09,
15:23:52.803,-0.24,-0.31,0.03,0.01,-1.06,0.09,
15:23:52.887,0.02,0.00,0.03,0.02,-1.05,0.10,
15:23:53.011,0.12,-0.23,-0.05,0.02,-1.06,0.08,
15:23:53.138,-0.16,0.03,-0.02,0.02,-1.05,0.08,
15:23:53.267,-0.24,-0.02,0.00,0.01,-1.06,0.09,
15:23:53.425,-0.16,-0.10,-0.05,0.02,-1.06,0.09,
15:23:53.548,0.28,-0.21,0.17,0.02,-1.05,0.09,
15:23:53.674,-0.10,-0.07,0.03,0.02,-1.05,0.08,
15:23:53.814,0.24,0.16,-0.12,0.02,-1.04,0.08,
15:23:53.938,0.02,0.10,0.07,0.01,-1.05,0.09,
15:23:54.062,-0.23,-0.09,0.09,0.02,-1.05,0.09,
15:23:54.202,-0.05,-0.14,-0.12,0.02,-1.05,0.09,
15:23:54.281,-0.33,-0.26,-0.10,0.02,-1.06,0.08,
15:23:54.409,-0.30,0.12,-0.17,0.02,-1.07,0.09,
15:23:54.577,0.02,0.05,-0.10,0.02,-1.06,0.09,
15:23:54.662,-0.31,0.30,-0.12,0.02,-1.06,0.10,
15:23:54.790,-0.05,-0.24,-0.19,0.02,-1.06,0.09,
15:23:54.919,-0.35,-0.10,0.03,0.02,-1.05,0.08,
15:23:55.091,-0.28,-0.09,0.02,0.02,-1.06,0.09,
15:23:55.171,-0.26,-0.35,-0.03,0.01,-1.05,0.10,
15:23:55.300,0.02,-0.03,-0.02,0.01,-1.06,0.09,
15:23:55.427,0.21,-0.07,-0.14,0.02,-1.05,0.08,
15:23:55.552,-0.19,0.02,0.05,0.02,-1.05,0.09,
15:23:55.681,0.07,0.21,-0.17,0.02,-1.05,0.08,
15:23:55.851,0.49,-0.07,-0.23,0.02,-1.05,0.08,
15:23:55.933,0.23,0.03,0.00,0.02,-1.07,0.08,
15:23:56.061,0.19,-0.28,-0.07,0.02,-1.06,0.09,
15:23:56.225,-0.12,0.09,-0.14,0.02,-1.05,0.09,
15:23:56.314,-0.19,0.02,0.03,0.03,-1.06,0.09,
15:23:56.488,-0.07,0.02,0.03,0.02,-1.05,0.09,
15:23:56.570,0.14,0.26,-0.37,0.01,-1.06,0.08,
15:23:56.696,0.10,0.17,-0.12,0.02,-1.05,0.09,
15:23:56.823,-0.19,-0.16,-0.17,0.02,-1.05,0.09,
15:23:56.952,-0.09,-0.07,0.03,0.02,-1.05,0.09,
15:23:57.077,-0.28,-0.07,-0.09,0.01,-1.05,0.09,
15:23:57.250,-0.26,0.09,-0.02,0.02,-1.05,0.09,
15:23:57.333,-0.14,-0.09,0.17,0.02,-1.06,0.07,
15:23:57.458,-0.28,-0.02,-0.09,0.02,-1.06,0.09,
15:23:57.623,0.05,0.02,-0.12,0.02,-1.05,0.09,
15:23:57.712,-0.23,-0.17,0.05,0.03,-1.05,0.09,
15:23:57.839,-0.16,0.02,0.02,0.03,-1.06,0.10,
15:23:58.010,-0.24,-0.30,0.00,0.02,-1.05,0.08,
15:23:58.134,-0.31,-0.19,0.03,0.01,-1.05,0.08,
15:23:58.221,-0.16,0.10,-0.23,0.02,-1.05,0.08,
15:23:58.348,-0.02,-0.02,0.03,0.02,-1.05,0.09,
15:23:58.522,-0.09,0.21,-0.23,0.02,-1.05,0.08,
15:23:58.602,-0.02,0.05,-0.07,0.01,-1.06,0.08,
15:23:58.773,-0.07,0.02,-0.10,0.02,-1.06,0.08,
15:23:58.858,-0.33,0.02,-0.03,0.02,-1.06,0.08,
15:23:58.983,0.26,-0.10,-0.19,0.02,-1.05,0.06,
15:23:59.147,-0.05,0.16,-0.19,0.02,-1.06,0.08,
15:23:59.239,0.14,0.05,-0.10,0.02,-1.05,0.06,
15:23:59.398,0.09,0.09,-0.19,0.02,-1.05,0.08,
15:23:59.538,0.14,0.26,-0.19,0.02,-1.06,0.07,
15:23:59.618,-0.03,0.02,-0.17,0.02,-1.05,0.08,
15:23:59.747,0.07,-0.02,-0.12,0.02,-1.05,0.08,
15:23:59.872,0.23,-0.09,-0.02,0.02,-1.05,0.07,
15:24:00.000,-0.14,0.19,0.12,0.03,-1.07,0.08,
15:24:00.161,0.02,0.12,-0.10,0.02,-1.06,0.09,
15:24:00.300,-0.07,-0.05,-0.07,0.03,-1.06,0.08,
15:24:00.426,-0.37,-0.31,-0.05,0.02,-1.05,0.08,
15:24:00.509,0.28,-0.45,0.12,0.02,-1.05,0.08,
15:24:00.675,-0.24,-0.21,0.10,0.01,-1.05,0.07,
15:24:00.799,0.30,-0.02,-0.17,0.02,-1.04,0.08,
15:24:00.926,-0.10,-0.07,-0.09,0.02,-1.05,0.08,
15:24:01.050,-0.10,0.09,-0.16,0.02,-1.05,0.08,
15:24:01.174,-0.21,0.05,0.02,0.02,-1.05,0.09,
15:24:01.315,0.14,-0.35,0.00,0.02,-1.05,0.07,
15:24:01.438,-0.19,-0.16,-0.05,0.02,-1.05,0.08,
15:24:01.525,-0.19,-0.24,-0.07,0.02,-1.05,0.09,
15:24:01.652,-0.09,-0.02,-0.10,0.01,-1.06,0.08,
15:24:01.778,-0.16,-0.07,-0.07,0.02,-1.05,0.08,
15:24:01.947,-0.28,0.12,0.00,0.02,-1.05,0.09,
15:24:02.073,0.07,-0.03,0.16,0.03,-1.05,0.08,
15:24:02.197,-0.14,-0.05,-0.02,0.01,-1.05,0.09,
15:24:02.286,0.42,0.05,-0.24,0.01,-1.04,0.08,
15:24:02.446,-0.17,0.16,-0.14,0.02,-1.05,0.07,
15:24:02.587,-0.05,0.14,-0.09,0.02,-1.05,0.09,
15:24:02.670,-0.31,0.07,0.02,0.02,-1.06,0.07,
15:24:02.835,-0.26,-0.03,-0.03,0.02,-1.06,0.09,
15:24:02.922,0.26,-0.02,-0.09,0.02,-1.05,0.07,
15:24:03.086,0.03,-0.12,-0.14,0.02,-1.06,0.09,
15:24:03.177,0.02,-0.07,-0.07,0.02,-1.05,0.07,
15:24:03.303,-0.10,0.16,0.07,0.02,-1.06,0.09,
15:24:03.475,-0.02,0.14,-0.33,0.02,-1.07,0.09,
15:24:03.558,0.02,0.14,-0.17,0.02,-1.07,0.09,
15:24:03.685,0.12,-0.10,-0.19,0.02,-1.04,0.08,
15:24:03.813,-0.09,0.07,-0.14,0.02,-1.06,0.09,
15:24:03.940,-0.10,0.05,-0.03,0.02,-1.05,0.09,
15:24:04.065,-0.10,0.07,-0.07,0.02,-1.06,0.09,
15:24:04.193,0.17,0.35,-0.31,0.01,-1.05,0.08,
15:24:04.364,0.00,0.12,-0.03,0.02,-1.05,0.07,
15:24:04.447,0.10,0.07,0.14,0.02,-1.05,0.09,
15:24:04.575,0.12,0.14,0.05,0.03,-1.05,0.09,
15:24:04.701,0.21,0.09,0.02,0.02,-1.05,0.08,
15:24:04.827,-0.16,-0.10,-0.12,0.02,-1.06,0.08,
15:24:04.955,0.05,0.17,0.07,0.03,-1.06,0.09,
15:24:05.083,-0.05,-0.05,0.03,0.02,-1.05,0.08,
15:24:05.209,0.31,-0.12,0.07,0.02,-1.06,0.08,
15:24:05.336,-0.09,-0.03,0.02,0.02,-1.05,0.08,
15:24:05.511,-0.24,0.00,-0.05,0.02,-1.05,0.09,
15:24:05.590,0.02,-0.30,0.00,0.02,-1.06,0.08,
15:24:05.717,-0.17,0.16,-0.21,0.02,-1.06,0.08,
15:24:05.845,0.02,0.07,-0.16,0.02,-1.06,0.09,
15:24:05.972,0.07,0.35,-0.14,0.01,-1.06,0.08,
15:24:06.098,-0.14,0.23,-0.12,0.02,-1.06,0.08,
15:24:06.227,-0.54,0.07,0.02,0.02,-1.05,0.08,
15:24:06.353,-0.30,0.02,0.03,0.02,-1.05,0.09,
15:24:06.510,-0.10,-0.07,-0.09,0.03,-1.05,0.09,
15:24:06.651,0.05,0.07,-0.12,0.03,-1.05,0.09,
15:24:06.735,0.02,-0.09,-0.03,0.02,-1.05,0.08,
15:24:06.899,-0.37,-0.26,-0.05,0.02,-1.05,0.09,
15:24:06.990,0.31,-0.02,-0.16,0.02,-1.06,0.09,
15:24:07.148,-0.10,-0.14,-0.10,0.02,-1.05,0.08,
15:24:07.287,0.56,0.03,-0.10,0.02,-1.05,0.08,
15:24:07.370,0.07,-0.05,0.00,0.03,-1.06,0.10,
15:24:07.498,-0.31,-0.07,-0.09,0.02,-1.05,0.09,
15:24:07.623,-0.28,-0.31,0.10,0.02,-1.05,0.07,
15:24:07.750,-0.10,-0.24,-0.09,0.02,-1.06,0.10,
15:24:07.879,0.12,-0.09,-0.05,0.03,-1.06,0.10,
15:24:08.004,-0.02,-0.05,-0.03,0.02,-1.06,0.08,
15:24:08.131,-0.16,-0.09,-0.03,0.02,-1.06,0.09,
15:24:08.260,-0.17,0.02,0.07,0.02,-1.06,0.09,
15:24:08.386,-0.19,0.03,-0.03,0.03,-1.05,0.08,
15:24:08.512,-0.09,-0.33,-0.05,0.02,-1.05,0.09,
15:24:08.641,-0.12,-0.21,0.00,0.02,-1.05,0.08,
15:24:08.768,-0.14,-0.24,-0.10,0.02,-1.05,0.09,
15:24:08.932,-0.21,-0.09,-0.14,0.03,-1.06,0.09,
15:24:09.023,-0.24,-0.16,-0.07,0.02,-1.05,0.08,
15:24:09.183,-0.37,0.00,0.10,0.02,-1.06,0.09,
15:24:09.275,0.10,-0.05,0.14,0.03,-1.05,0.08,
15:24:09.402,-0.17,-0.16,-0.09,0.02,-1.05,0.08,
15:24:09.571,0.65,0.14,-0.19,0.02,-1.04,0.07,
15:24:09.679,0.05,0.21,-0.16,0.02,-1.06,0.08,
15:24:09.818,-0.09,0.02,-0.16,0.02,-1.06,0.09,
15:24:09.912,-0.30,-0.03,0.03,0.02,-1.05,0.08,
15:24:10.038,-0.23,-0.21,0.07,0.03,-1.06,0.09,
15:24:10.165,0.02,0.03,-0.05,0.02,-1.06,0.08,
15:24:10.293,0.10,-0.14,-0.17,0.03,-1.06,0.09,
15:24:10.418,-0.03,-0.07,-0.03,0.02,-1.06,0.08,
15:24:10.578,0.09,0.09,-0.14,0.02,-1.05,0.08,
15:24:10.718,0.24,-0.10,0.09,0.03,-1.07,0.08,
15:24:10.800,0.02,0.09,0.00,0.02,-1.05,0.07,
15:24:10.927,0.51,-0.14,0.00,0.02,-1.06,0.08,
15:24:11.056,-0.09,0.12,-0.17,0.02,-1.06,0.09,
15:24:11.181,-0.09,-0.03,-0.02,0.03,-1.06,0.09,
15:24:11.308,-0.30,0.31,-0.07,0.03,-1.04,0.08,
15:24:11.481,-0.16,-0.05,-0.19,0.02,-1.06,0.09,
15:24:11.606,-0.02,0.03,-0.10,0.02,-1.06,0.08,
15:24:11.689,-0.14,0.19,-0.10,0.02,-1.05,0.07,
15:24:11.857,-0.02,0.10,0.03,0.02,-1.06,0.08,
15:24:11.981,-0.26,-0.12,-0.07,0.02,-1.06,0.07,
15:24:12.070,0.28,-0.23,0.21,0.02,-1.06,0.08,
15:24:12.243,-0.12,-0.12,-0.03,0.03,-1.05,0.09,
15:24:12.324,-0.03,-0.12,-0.23,0.02,-1.04,0.08,
15:24:12.452,-0.07,0.23,0.02,0.02,-1.05,0.08,
15:24:12.580,-0.21,0.14,-0.09,0.02,-1.05,0.08,
15:24:12.740,-0.37,0.12,0.00,0.02,-1.05,0.09,
15:24:12.833,-0.12,-0.02,0.02,0.02,-1.04,0.08,
15:24:13.003,-0.10,0.00,-0.07,0.03,-1.05,0.08,
15:24:13.087,-0.31,0.02,-0.05,0.02,-1.06,0.08,
15:24:13.214,-0.14,0.09,-0.07,0.02,-1.06,0.08,
15:24:13.342,-0.16,-0.07,-0.03,0.02,-1.06,0.08,
15:24:13.468,0.33,-0.31,-0.16,0.03,-1.06,0.07,
15:24:13.595,0.00,0.00,-0.07,0.02,-1.07,0.08,
15:24:13.767,0.07,-0.17,-0.14,0.02,-1.06,0.08,
15:24:13.850,-0.10,0.12,-0.19,0.01,-1.05,0.08,
15:24:13.976,0.17,-0.02,-0.17,0.02,-1.05,0.08,
15:24:14.105,-0.17,-0.24,-0.02,0.02,-1.07,0.08,
15:24:14.231,0.28,-0.12,0.09,0.02,-1.06,0.07,
15:24:14.357,-0.10,-0.23,0.03,0.02,-1.05,0.08,
15:24:14.486,0.61,-0.21,-0.12,0.02,-1.05,0.09,
15:24:14.613,0.21,0.09,0.00,0.02,-1.06,0.09,
15:24:14.739,-0.07,0.03,-0.03,0.02,-1.06,0.09,
15:24:14.867,0.12,-0.05,-0.02,0.03,-1.05,0.08,
15:24:14.993,-0.19,-0.07,0.02,0.02,-1.06,0.09,
15:24:15.120,-0.07,-0.10,-0.28,0.02,-1.06,0.08,
15:24:15.247,-0.12,0.03,-0.12,0.02,-1.05,0.08,
15:24:15.413,-0.05,0.17,-0.12,0.02,-1.05,0.09,
15:24:15.538,-0.17,-0.02,0.05,0.02,-1.05,0.08,
15:24:15.628,-0.02,0.19,-0.21,0.01,-1.05,0.09,
15:24:15.787,0.00,0.12,-0.05,0.02,-1.06,0.08,
15:24:15.928,-0.40,-0.09,0.00,0.02,-1.06,0.09,
15:24:16.009,-0.05,0.07,-0.09,0.02,-1.06,0.08,
15:24:16.176,-0.28,-0.12,-0.09,0.02,-1.06,0.08,
15:24:16.263,-0.24,0.00,-0.09,0.02,-1.06,0.09,
15:24:16.390,0.07,0.09,-0.14,0.02,-1.07,0.08,
15:24:16.519,-0.05,0.12,-0.07,0.02,-1.07,0.09,
15:24:16.645,0.02,0.14,-0.26,0.02,-1.06,0.08,
15:24:16.771,0.00,0.17,-0.10,0.01,-1.06,0.08,
15:24:16.901,0.03,0.10,-0.17,0.03,-1.06,0.08,
15:24:17.026,-0.09,0.09,-0.05,0.02,-1.06,0.07,
15:24:17.153,0.09,0.28,-0.09,0.02,-1.06,0.07,
15:24:17.281,0.10,-0.03,0.00,0.02,-1.05,0.07,
15:24:17.407,-0.38,0.09,-0.10,0.02,-1.05,0.09,
15:24:17.534,-0.14,-0.19,-0.03,0.02,-1.06,0.09,
15:24:17.662,-0.10,0.00,-0.07,0.02,-1.04,0.08,
15:24:17.826,-0.23,-0.33,0.02,0.02,-1.05,0.08,
15:24:17.915,0.24,-0.14,0.03,0.03,-1.05,0.08,
15:24:18.088,0.05,-0.12,0.19,0.02,-1.06,0.08,
15:24:18.170,0.24,0.02,-0.05,0.02,-1.04,0.07,
15:24:18.296,-0.03,0.00,0.07,0.02,-1.06,0.09,
15:24:18.425,-0.17,0.09,0.00,0.01,-1.05,0.09,
15:24:18.551,0.07,-0.23,-0.03,0.02,-1.06,0.07,
15:24:18.724,-0.24,-0.12,0.00,0.02,-1.06,0.08,
15:24:18.806,-0.09,-0.21,-0.07,0.02,-1.06,0.08,
15:24:18.933,-0.03,0.03,-0.09,0.02,-1.05,0.08,
15:24:19.097,-0.23,0.07,-0.17,0.02,-1.06,0.08,
15:24:19.185,-0.19,-0.12,-0.09,0.03,-1.06,0.09,
15:24:19.358,-0.19,0.10,-0.23,0.02,-1.04,0.08,
15:24:19.440,-0.17,0.12,-0.03,0.01,-1.06,0.09,
15:24:19.568,0.03,-0.05,-0.14,0.02,-1.05,0.08,
15:24:19.694,-0.03,0.17,-0.14,0.02,-1.05,0.09,
15:24:19.822,-0.10,-0.07,-0.07,0.02,-1.05,0.09,
15:24:19.994,-0.21,-0.02,-0.02,0.02,-1.06,0.08,
15:24:20.075,-0.24,-0.19,0.02,0.02,-1.06,0.08,
15:24:20.203,-0.31,-0.40,-0.05,0.02,-1.06,0.09,
15:24:20.330,-0.16,0.07,-0.03,0.01,-1.05,0.08,
15:24:20.456,-0.24,-0.23,-0.03,0.01,-1.05,0.08,
15:24:20.616,-0.17,0.07,-0.07,0.02,-1.05,0.09,
15:24:20.757,-0.02,0.05,-0.07,0.02,-1.06,0.08,
15:24:20.837,-0.12,-0.07,-0.12,0.02,-1.06,0.09,
15:24:21.006,0.23,-0.10,-0.05,0.02,-1.06,0.09,
15:24:21.132,-0.09,-0.10,0.09,0.02,-1.05,0.08,
15:24:21.219,0.28,-0.12,-0.02,0.01,-1.06,0.08,
15:24:21.347,-0.12,0.14,-0.02,0.02,-1.05,0.08,
15:24:21.473,-0.07,0.03,-0.05,0.02,-1.05,0.08,
15:24:21.600,-0.02,0.03,-0.10,0.02,-1.05,0.09,
15:24:21.727,-0.10,-0.12,-0.10,0.01,-1.07,0.08,
15:24:21.855,-0.14,0.31,-0.14,0.02,-1.06,0.09,
15:24:22.015,0.23,0.26,-0.31,0.02,-1.05,0.07,
15:24:22.155,0.07,0.16,-0.05,0.01,-1.06,0.08,
15:24:22.235,0.03,-0.05,-0.17,0.01,-1.06,0.09,
15:24:22.362,-0.02,0.02,-0.12,0.01,-1.05,0.07,
15:24:22.529,-0.07,-0.02,0.12,0.03,-1.06,0.09,
15:24:22.618,0.12,-0.37,-0.14,0.02,-1.05,0.07,
15:24:22.744,-0.28,-0.42,0.05,0.02,-1.05,0.08,
15:24:22.902,-0.21,-0.02,-0.19,0.02,-1.05,0.06,
15:24:23.044,0.00,0.16,-0.09,0.02,-1.06,0.08,
15:24:23.170,-0.10,-0.02,-0.09,0.02,-1.05,0.08,
15:24:23.253,-0.19,0.03,-0.23,0.02,-1.05,0.08,
15:24:23.421,-0.03,-0.05,0.02,0.02,-1.05,0.09,
15:24:23.506,-0.07,0.07,-0.12,0.02,-1.06,0.07,
15:24:23.634,0.44,0.03,-0.26,0.01,-1.06,0.07,
15:24:23.807,0.09,0.00,-0.17,0.02,-1.06,0.08,
15:24:23.887,-0.21,-0.02,-0.16,0.02,-1.05,0.07,
15:24:24.056,-0.21,-0.68,0.10,0.02,-1.07,0.07,
15:24:24.142,-0.23,-0.23,-0.03,0.02,-1.07,0.08,
15:24:24.307,-0.16,-0.02,-0.14,0.02,-1.05,0.08,
15:24:24.396,-0.47,0.37,-0.03,0.02,-1.06,0.08,
15:24:24.524,-0.37,0.19,-0.02,0.01,-1.04,0.06,
15:24:24.667,-0.70,0.00,0.10,0.02,-1.06,0.08,
15:24:24.807,-0.51,0.02,0.12,0.02,-1.06,0.07,
15:24:24.933,-0.56,0.33,0.09,0.02,-1.06,0.07,
15:24:25.070,-0.38,0.54,-0.05,0.02,-1.07,0.08,
15:24:25.158,-0.38,0.58,-0.03,0.02,-1.06,0.07,
15:24:25.286,-1.05,0.02,0.21,0.02,-1.06,0.07,
15:24:25.458,-0.23,0.31,0.00,0.01,-1.07,0.08,
15:24:25.539,-0.33,0.75,-0.12,0.02,-1.06,0.07,
15:24:25.668,0.31,-0.02,-0.23,0.02,-1.05,0.08,
15:24:25.829,-0.10,-0.70,-0.12,0.01,-1.06,0.08,
15:24:25.920,-0.70,-0.72,0.14,0.03,-1.06,0.09,
15:24:26.078,0.02,-1.10,-0.16,0.03,-1.05,0.09,
15:24:26.216,0.73,-0.56,-0.23,0.02,-1.06,0.09,
15:24:26.302,0.28,-0.24,-0.02,0.02,-1.05,0.07,
15:24:26.430,0.14,-0.40,-0.03,0.02,-1.05,0.09,
15:24:26.576,0.00,-0.44,-0.19,0.02,-1.05,0.09,
15:24:26.717,-0.07,-0.38,0.03,0.03,-1.05,0.08,
15:24:26.810,0.12,0.05,-0.14,0.03,-1.06,0.07,
15:24:26.937,0.51,0.14,-0.05,0.02,-1.07,0.07,
15:24:27.064,0.19,-0.07,-0.07,0.03,-1.05,0.08,
15:24:27.214,-0.05,0.05,-0.24,0.03,-1.06,0.10,
15:24:27.354,-0.17,0.26,-0.21,0.03,-1.06,0.08,
15:24:27.445,0.02,0.03,0.02,0.03,-1.05,0.09,
15:24:27.573,-0.28,0.00,-0.07,0.03,-1.06,0.09,
15:24:27.699,-0.16,0.05,-0.05,0.02,-1.06,0.09,
15:24:27.826,0.54,-0.44,0.16,0.03,-1.06,0.08,
15:24:27.993,-0.26,-0.24,0.16,0.03,-1.05,0.09,
15:24:28.081,-0.09,-0.02,-0.03,0.03,-1.05,0.08,
15:24:28.207,-0.26,0.00,-0.09,0.02,-1.07,0.08,
15:24:28.380,-0.58,0.14,0.10,0.03,-1.06,0.09,
15:24:28.462,-0.68,-0.12,0.09,0.01,-1.05,0.06,
15:24:28.588,-0.38,-0.12,-0.30,0.02,-1.06,0.07,
15:24:28.718,-0.33,-0.12,-0.14,0.02,-1.07,0.07,
15:24:28.844,-0.05,0.14,-0.09,0.02,-1.06,0.07,
15:24:29.016,0.05,0.00,-0.12,0.02,-1.06,0.06,
15:24:29.098,0.09,0.09,-0.09,0.02,-1.06,0.08,
15:24:29.225,-0.19,0.03,-0.17,0.03,-1.06,0.07,
15:24:29.351,0.40,-0.02,-0.14,0.03,-1.06,0.06,
15:24:29.497,-0.03,0.10,0.07,0.02,-1.06,0.07,
15:24:29.637,0.00,0.17,-0.05,0.03,-1.05,0.07,
15:24:29.778,0.19,0.14,-0.28,0.02,-1.05,0.09,
15:24:29.859,0.23,-0.19,-0.19,0.02,-1.06,0.08,
15:24:29.986,-0.07,-0.16,-0.17,0.02,-1.05,0.08,
15:24:30.113,0.45,-0.19,0.03,0.03,-1.06,0.09,
15:24:30.240,0.14,-0.16,0.03,0.03,-1.05,0.08,
15:24:30.369,0.59,-0.19,-0.09,0.02,-1.07,0.07,
15:24:30.540,0.09,0.02,-0.07,0.02,-1.06,0.08,
15:24:30.621,-0.07,-0.05,-0.07,0.03,-1.04,0.08,
15:24:30.789,-0.19,-0.19,0.05,0.02,-1.06,0.08,
15:24:30.876,0.16,-0.35,-0.02,0.02,-1.04,0.08,
15:24:31.002,-0.26,-0.14,0.02,0.03,-1.05,0.09,
15:24:31.175,-0.09,-0.26,-0.17,0.03,-1.05,0.09,
15:24:31.257,-0.03,0.10,0.03,0.02,-1.05,0.09,
15:24:31.384,-0.09,-0.24,-0.30,0.03,-1.06,0.09,
15:24:31.512,-0.14,-0.09,-0.10,0.03,-1.06,0.10,
15:24:31.638,0.26,-0.23,0.07,0.03,-1.05,0.07,
15:24:31.765,-0.03,-0.19,0.03,0.03,-1.05,0.09,
15:24:31.937,-0.05,-0.33,0.02,0.02,-1.04,0.09,
15:24:32.019,-0.14,0.00,0.12,0.03,-1.05,0.10,
15:24:32.147,-0.40,-0.24,0.00,0.03,-1.06,0.09,
15:24:32.275,-0.17,-0.07,-0.14,0.02,-1.06,0.08,
15:24:32.435,-0.24,0.09,-0.07,0.02,-1.05,0.09,
15:24:32.527,-0.02,0.16,-0.10,0.02,-1.07,0.08,
15:24:32.656,-0.16,-0.02,0.02,0.02,-1.06,0.08,
15:24:32.825,-0.65,0.21,-0.03,0.03,-1.05,0.07,
15:24:32.949,-0.07,0.26,-0.07,0.03,-1.07,0.08,
15:24:33.036,-0.03,0.23,-0.10,0.03,-1.06,0.08,
15:24:33.163,0.51,0.07,-0.26,0.03,-1.05,0.06,
15:24:33.336,0.10,-0.21,-0.19,0.02,-1.06,0.06,
15:24:33.419,0.26,-0.05,-0.14,0.02,-1.05,0.06,
15:24:33.544,0.02,0.07,-0.14,0.02,-1.06,0.08,
15:24:33.692,-0.17,-0.07,-0.10,0.03,-1.06,0.08,
15:24:33.832,-0.30,0.12,-0.03,0.03,-1.06,0.08,
15:24:33.972,0.35,0.09,-0.09,0.03,-1.06,0.07,
15:24:34.052,0.16,0.45,0.10,0.03,-1.05,0.08,
15:24:34.180,1.01,-0.35,-0.26,0.02,-1.05,0.07,
15:24:34.308,0.14,0.16,-0.19,0.02,-1.05,0.09,
15:24:34.433,-0.33,-0.09,0.00,0.03,-1.05,0.09,
15:24:34.607,-0.21,-0.10,-0.26,0.03,-1.07,0.09,
15:24:34.689,0.00,0.21,0.07,0.03,-1.06,0.08,
15:24:34.857,-0.07,-0.07,-0.12,0.03,-1.05,0.09,
15:24:34.942,-0.02,-0.35,-0.10,0.03,-1.04,0.10,
15:24:35.107,-0.02,-0.14,0.09,0.03,-1.06,0.09,
15:24:35.196,-0.21,0.12,0.03,0.02,-1.05,0.09,
15:24:35.323,0.31,-0.47,0.16,0.03,-1.05,0.07,
15:24:35.450,-0.12,-0.21,0.05,0.02,-1.05,0.09,
15:24:35.577,-0.07,-0.17,-0.09,0.02,-1.05,0.09,
15:24:35.704,-0.10,0.07,0.07,0.02,-1.05,0.08,
15:24:35.833,-0.17,-0.02,0.02,0.02,-1.05,0.09,
15:24:35.993,-0.28,-0.09,-0.21,0.03,-1.06,0.09,
15:24:36.131,-0.31,-0.31,-0.12,0.02,-1.05,0.09,
15:24:36.213,-0.17,-0.28,-0.07,0.02,-1.05,0.08,
15:24:36.340,-0.28,-0.03,0.03,0.02,-1.05,0.08,
15:24:36.489,-0.21,-0.10,-0.07,0.02,-1.05,0.08,
15:24:36.629,-0.51,0.02,-0.02,0.03,-1.05,0.07,
15:24:36.722,-0.42,0.03,-0.03,0.03,-1.05,0.07,
15:24:36.848,0.10,-0.17,0.03,0.04,-1.05,0.07,
15:24:36.976,-0.26,-0.05,-0.05,0.02,-1.05,0.07,
15:24:37.103,-0.35,-0.26,-0.05,0.02,-1.05,0.08,
15:24:37.229,-0.35,-0.10,-0.03,0.02,-1.06,0.08,
15:24:37.356,0.12,0.10,-0.21,0.02,-1.06,0.08,
15:24:37.485,0.19,-0.49,0.21,0.03,-1.07,0.07,
15:24:37.610,0.00,-0.05,-0.07,0.02,-1.07,0.07,
15:24:37.737,0.30,0.10,-0.02,0.02,-1.06,0.06,
15:24:37.866,-0.05,-0.02,-0.09,0.02,-1.06,0.08,
15:24:37.992,0.24,0.05,0.00,0.03,-1.06,0.07,
15:24:38.119,-0.23,0.07,0.03,0.03,-1.05,0.08,
15:24:38.247,0.28,-0.02,0.16,0.02,-1.04,0.07,
15:24:38.373,0.35,0.09,0.05,0.02,-1.05,0.07,
15:24:38.500,0.14,-0.10,-0.03,0.03,-1.04,0.07,
15:24:38.628,0.03,0.21,-0.09,0.03,-1.06,0.08,
15:24:38.754,0.45,-0.07,-0.30,0.02,-1.06,0.07,
15:24:38.881,-0.02,0.17,-0.10,0.02,-1.06,0.08,
15:24:39.009,0.30,-0.07,0.05,0.03,-1.06,0.08,
15:24:39.135,-0.05,-0.16,0.09,0.03,-1.08,0.09,
15:24:39.262,-0.14,-0.03,0.17,0.02,-1.06,0.08,
15:24:39.424,-0.10,-0.05,0.12,0.02,-1.06,0.09,
15:24:39.516,-0.28,-0.21,0.10,0.02,-1.05,0.09,
15:24:39.688,0.00,-0.21,0.10,0.03,-1.05,0.09,
15:24:39.813,-0.09,-0.24,0.10,0.02,-1.05,0.09,
15:24:39.939,-0.14,-0.26,-0.09,0.02,-1.05,0.09,
15:24:40.024,0.00,-0.12,-0.02,0.02,-1.05,0.09,
15:24:40.153,-0.07,-0.07,0.05,0.02,-1.05,0.08,
15:24:40.279,-0.28,-0.35,0.00,0.02,-1.05,0.08,
15:24:40.437,0.24,-0.28,0.12,0.03,-1.06,0.08,
15:24:40.576,-0.21,-0.16,0.14,0.02,-1.05,0.09,
15:24:40.660,-0.14,-0.10,-0.16,0.02,-1.04,0.08,
15:24:40.787,-0.31,-0.09,0.24,0.02,-1.05,0.09,
15:24:40.916,-0.26,0.14,-0.16,0.02,-1.06,0.08,
15:24:41.041,-0.05,0.10,0.00,0.03,-1.05,0.08,
15:24:41.212,0.05,0.28,-0.23,0.02,-1.05,0.07,
15:24:41.297,0.12,-0.03,-0.03,0.03,-1.05,0.07,
15:24:41.422,-0.44,0.28,-0.03,0.02,-1.06,0.08,
15:24:41.549,-0.31,-0.02,-0.14,0.01,-1.06,0.08,
15:24:41.723,0.07,0.10,0.00,0.02,-1.06,0.08,
15:24:41.803,-0.09,0.17,-0.03,0.02,-1.04,0.07,
15:24:41.931,0.07,0.10,-0.12,0.03,-1.06,0.07,
15:24:42.060,0.07,-0.02,0.07,0.02,-1.05,0.06,
15:24:42.184,0.38,0.19,-0.19,0.02,-1.06,0.06,
15:24:42.343,0.10,0.17,0.03,0.02,-1.05,0.08,
15:24:42.483,0.00,0.10,-0.07,0.02,-1.05,0.07,
15:24:42.566,0.51,-0.54,0.03,0.03,-1.06,0.06,
15:24:42.693,0.58,0.00,-0.23,0.02,-1.05,0.08,
15:24:42.821,0.30,-0.07,-0.19,0.03,-1.06,0.07,
15:24:42.947,-0.17,-0.26,-0.07,0.03,-1.05,0.07,
15:24:43.074,-0.12,-0.47,0.16,0.03,-1.05,0.08,
15:24:43.202,0.07,-0.26,-0.03,0.03,-1.05,0.08,
15:24:43.329,0.24,0.21,0.10,0.03,-1.06,0.07,
15:24:43.455,0.02,-0.03,0.00,0.03,-1.06,0.07,
15:24:43.627,0.30,-0.33,-0.02,0.02,-1.06,0.07,
15:24:43.709,-0.02,0.00,-0.05,0.03,-1.06,0.08,
15:24:43.877,-0.10,0.02,-0.03,0.02,-1.05,0.07,
15:24:43.965,-0.05,-0.10,-0.05,0.02,-1.05,0.09,
15:24:44.091,-0.10,-0.23,-0.09,0.03,-1.06,0.07,
15:24:44.217,-0.17,0.49,-0.30,0.03,-1.06,0.08,
15:24:44.390,0.37,0.37,0.31,0.04,-1.06,0.07,
15:24:44.473,0.31,-0.49,-0.07,0.03,-1.05,0.07,
15:24:44.598,-0.12,-0.03,-0.03,0.02,-1.06,0.09,
15:24:44.726,-0.21,0.47,-0.12,0.03,-1.06,0.08,
15:24:44.853,-0.12,0.31,-0.03,0.02,-1.06,0.08,
15:24:44.980,0.21,0.17,0.23,0.01,-1.06,0.06,
15:24:45.134,-0.19,0.03,-0.37,0.03,-1.06,0.09,
15:24:45.260,-0.26,0.77,0.09,0.02,-1.06,0.09,
15:24:45.361,-0.28,0.09,-0.07,0.03,-1.05,0.08,
15:24:45.489,0.07,0.17,0.03,0.02,-1.05,0.08,
15:24:45.652,-0.09,0.33,-0.23,0.01,-1.04,0.06,
15:24:45.742,0.09,0.16,-0.02,0.02,-1.05,0.08,
15:24:45.869,-0.02,0.31,-0.30,0.02,-1.06,0.09,
15:24:46.026,-0.07,0.16,-0.24,0.03,-1.06,0.08,
15:24:46.151,0.02,-0.09,-0.16,0.02,-1.05,0.07,
15:24:46.289,-0.40,0.07,-0.16,0.02,-1.05,0.09,
15:24:46.400,-0.17,-0.07,0.02,0.03,-1.05,0.09,
15:24:46.540,-0.03,-0.14,0.07,0.03,-1.06,0.08,
15:24:46.632,-0.05,0.00,-0.03,0.03,-1.04,0.08,
15:24:46.759,-0.10,0.14,-0.02,0.02,-1.04,0.08,
15:24:46.886,0.14,-0.07,-0.09,0.02,-1.06,0.07,
15:24:47.013,0.14,0.02,-0.21,0.02,-1.05,0.08,
15:24:47.175,0.16,-0.28,-0.10,0.03,-1.05,0.08,
15:24:47.302,0.02,-0.10,-0.16,0.02,-1.06,0.09,
15:24:47.426,-0.10,-0.26,-0.21,0.03,-1.05,0.08,
15:24:47.566,-0.07,-0.05,-0.10,0.02,-1.04,0.08,
15:24:47.648,-0.21,-0.14,-0.03,0.02,-1.06,0.08,
15:24:47.815,0.35,-0.09,0.16,0.03,-1.05,0.07,
15:24:47.904,-0.03,0.03,0.07,0.04,-1.05,0.08,
15:24:48.030,0.28,-0.09,-0.12,0.03,-1.04,0.07,
15:24:48.156,-0.07,0.12,-0.12,0.03,-1.06,0.08,
15:24:48.314,-0.26,-0.17,0.02,0.02,-1.06,0.09,
15:24:48.455,-0.17,-0.03,-0.03,0.03,-1.06,0.08,
15:24:48.537,0.33,-0.33,0.16,0.03,-1.05,0.08,
15:24:48.666,-0.14,-0.30,0.03,0.03,-1.05,0.08,
15:24:48.793,0.03,-0.02,-0.16,0.02,-1.05,0.08,
15:24:48.952,0.07,0.14,-0.16,0.03,-1.06,0.09,
15:24:49.092,-0.17,-0.17,0.02,0.03,-1.06,0.08,
15:24:49.174,-0.21,-0.17,-0.10,0.03,-1.04,0.08,
15:24:49.300,0.23,-0.10,0.14,0.03,-1.06,0.07,
15:24:49.428,0.03,0.03,-0.02,0.03,-1.05,0.07,
15:24:49.601,0.35,-0.02,-0.16,0.03,-1.06,0.07,
15:24:49.681,0.00,0.09,-0.09,0.02,-1.05,0.07,
15:24:49.851,0.09,0.19,-0.12,0.03,-1.06,0.08,
15:24:49.935,-0.12,0.14,-0.17,0.02,-1.05,0.08,
15:24:50.062,-0.03,0.12,-0.02,0.04,-1.05,0.08,
15:24:50.189,0.07,0.07,0.02,0.03,-1.05,0.07,
15:24:50.318,0.10,0.10,-0.23,0.02,-1.05,0.07,
15:24:50.488,0.09,0.21,-0.09,0.02,-1.05,0.07,
15:24:50.570,-0.21,0.14,0.03,0.02,-1.05,0.08,
15:24:50.699,-0.56,-0.23,0.03,0.03,-1.05,0.08,
15:24:50.824,-0.12,0.09,0.19,0.03,-1.05,0.07,
15:24:50.951,0.07,-0.10,0.00,0.03,-1.05,0.08,
15:24:51.111,0.38,0.07,-0.12,0.03,-1.05,0.09,
15:24:51.252,-0.09,-0.10,-0.17,0.03,-1.05,0.07,
15:24:51.375,-0.21,-0.23,-0.33,0.03,-1.05,0.08,
15:24:51.501,-0.54,-0.09,-0.23,0.03,-1.05,0.08,
15:24:51.610,-0.26,-0.14,-0.05,0.02,-1.05,0.08,
15:24:51.750,0.10,0.00,-0.17,0.03,-1.05,0.08,
15:24:51.843,-0.21,-0.02,-0.14,0.02,-1.05,0.08,
15:24:51.968,-0.03,-0.07,0.17,0.03,-1.05,0.08,
15:24:52.095,0.00,-0.02,-0.05,0.03,-1.06,0.08,
15:24:52.223,0.21,0.21,-0.35,0.02,-1.06,0.07,
15:24:52.349,-0.02,0.17,-0.14,0.03,-1.06,0.08,
15:24:52.496,-0.19,0.00,-0.24,0.03,-1.04,0.07,
15:24:52.623,0.03,-0.10,-0.09,0.03,-1.06,0.08,
15:24:52.762,-0.07,0.02,-0.09,0.03,-1.05,0.08,
15:24:52.888,-0.10,0.02,-0.14,0.03,-1.05,0.08,
15:24:53.027,-0.19,0.12,0.05,0.03,-1.06,0.07,
15:24:53.113,0.09,-0.07,0.00,0.02,-1.06,0.07,
15:24:53.238,-0.21,0.10,0.09,0.03,-1.07,0.08,
15:24:53.366,0.07,0.45,-0.26,0.03,-1.06,0.07,
15:24:53.526,-0.09,0.16,-0.21,0.03,-1.05,0.08,
15:24:53.667,-0.40,0.12,-0.05,0.03,-1.05,0.07,
15:24:53.749,-0.07,-0.09,-0.07,0.03,-1.05,0.06,
15:24:53.875,-0.21,-0.10,0.10,0.03,-1.06,0.07,
15:24:54.043,-0.26,0.02,0.03,0.03,-1.05,0.06,
15:24:54.128,-0.14,0.19,0.00,0.02,-1.05,0.07,
15:24:54.255,-0.02,0.10,-0.16,0.03,-1.06,0.08,
15:24:54.417,0.19,0.07,-0.28,0.02,-1.06,0.07,
15:24:54.509,0.07,0.12,-0.02,0.03,-1.05,0.06,
15:24:54.638,0.00,0.33,-0.16,0.03,-1.06,0.07,
15:24:54.805,-0.09,0.10,-0.02,0.02,-1.05,0.08,
15:24:54.890,0.05,0.02,-0.24,0.02,-1.05,0.07,
15:24:55.019,0.47,-0.58,-0.07,0.03,-1.07,0.06,
15:24:55.144,-0.09,-0.35,-0.19,0.02,-1.06,0.08,
15:24:55.272,0.09,-0.38,-0.02,0.04,-1.05,0.08,
15:24:55.441,0.02,-0.10,-0.23,0.04,-1.05,0.08,
15:24:55.525,-0.05,-0.19,-0.09,0.02,-1.05,0.07,
15:24:55.689,-0.19,-0.26,-0.14,0.02,-1.05,0.08,
15:24:55.782,0.47,-0.21,0.21,0.02,-1.06,0.07,
15:24:55.907,-0.12,-0.28,0.03,0.03,-1.04,0.07,
15:24:56.079,0.31,-0.07,-0.17,0.02,-1.05,0.07,
15:24:56.162,0.07,0.16,0.09,0.02,-1.05,0.07,
15:24:56.289,-0.19,-0.10,0.03,0.02,-1.04,0.07,
15:24:56.451,0.02,0.09,-0.12,0.03,-1.04,0.07,
15:24:56.544,-0.30,0.07,-0.24,0.02,-1.05,0.08,
15:24:56.670,-0.09,0.12,-0.26,0.03,-1.05,0.09,
15:24:56.796,-0.07,-0.03,-0.17,0.03,-1.05,0.08,
15:24:56.967,-0.09,-0.12,-0.05,0.02,-1.05,0.08,
15:24:57.050,-0.28,0.00,-0.14,0.03,-1.05,0.07,
15:24:57.177,0.12,0.02,0.10,0.03,-1.07,0.06,
15:24:57.306,-0.03,0.10,-0.03,0.03,-1.05,0.07,
15:24:57.432,0.47,0.12,-0.31,0.03,-1.06,0.06,
15:24:57.605,-0.05,0.24,-0.03,0.03,-1.05,0.07,
15:24:57.686,0.00,0.17,-0.02,0.02,-1.06,0.07,
15:24:57.814,0.16,-0.05,-0.12,0.04,-1.05,0.06,
15:24:57.940,0.00,0.10,-0.09,0.02,-1.06,0.07,
15:24:58.069,0.09,0.00,-0.12,0.02,-1.06,0.07,
15:24:58.194,-0.28,0.12,-0.17,0.02,-1.05,0.07,
15:24:58.367,-0.30,-0.02,-0.03,0.03,-1.05,0.07,
15:24:58.448,-0.47,-0.07,0.07,0.03,-1.05,0.08,
15:24:58.575,-0.09,-0.02,0.17,0.02,-1.04,0.08,
15:24:58.702,0.05,0.00,-0.09,0.02,-1.05,0.06,
15:24:58.829,0.00,0.03,-0.21,0.03,-1.05,0.08,
15:24:59.003,-0.10,0.05,0.03,0.03,-1.05,0.07,
15:24:59.127,-0.24,-0.05,-0.14,0.02,-1.05,0.07,
15:24:59.211,0.38,0.17,-0.16,0.03,-1.06,0.07,
15:24:59.374,-0.07,0.07,-0.21,0.02,-1.04,0.07,
15:24:59.464,0.65,-0.12,-0.30,0.02,-1.05,0.07,
15:24:59.636,-0.05,-0.07,-0.03,0.03,-1.06,0.08,
15:24:59.719,-0.03,-0.31,-0.09,0.03,-1.05,0.08,
15:24:59.845,-0.10,-0.31,-0.33,0.02,-1.06,0.08,
15:24:59.973,0.12,-0.03,0.09,0.03,-1.06,0.08,
15:25:00.101,-0.17,0.02,-0.10,0.03,-1.05,0.09,
15:25:00.227,-0.05,0.12,-0.16,0.03,-1.05,0.07,
15:25:00.354,-0.17,-0.09,0.03,0.04,-1.05,0.08,
15:25:00.483,-0.02,-0.12,0.07,0.03,-1.06,0.07,
15:25:00.608,0.38,-0.35,0.12,0.03,-1.05,0.08,
15:25:00.735,-0.19,-0.09,-0.03,0.04,-1.05,0.09,
15:25:00.908,-0.07,-0.17,-0.12,0.03,-1.05,0.07,
15:25:00.989,0.02,0.02,-0.09,0.02,-1.06,0.07,
15:25:01.116,-0.03,-0.10,-0.07,0.03,-1.05,0.07,
15:25:01.245,0.09,-0.09,-0.19,0.03,-1.06,0.08,
15:25:01.372,-0.21,-0.21,-0.14,0.03,-1.05,0.09,
15:25:01.497,-0.19,-0.21,-0.26,0.03,-1.06,0.08,
15:25:01.668,-0.16,-0.24,0.03,0.03,-1.06,0.07,
15:25:01.753,-0.09,-0.23,0.17,0.02,-1.06,0.07,
15:25:01.879,-0.38,0.09,0.10,0.03,-1.06,0.08,
15:25:02.006,-0.38,-0.30,0.14,0.03,-1.06,0.07,
15:25:02.177,-0.38,-0.16,0.02,0.02,-1.06,0.09,
15:25:02.301,-0.17,0.07,-0.05,0.02,-1.05,0.08,
15:25:02.425,-0.05,0.31,-0.23,0.03,-1.05,0.07,
15:25:02.516,-0.07,0.10,-0.03,0.03,-1.06,0.08,
15:25:02.641,0.21,-0.10,-0.07,0.02,-1.05,0.07,
15:25:02.815,0.16,0.05,0.00,0.03,-1.05,0.06,
15:25:02.939,-0.05,-0.09,0.05,0.02,-1.05,0.06,
15:25:03.022,0.19,0.44,-0.02,0.02,-1.06,0.07,
15:25:03.150,0.00,0.10,-0.14,0.02,-1.05,0.07,
15:25:03.278,-0.10,0.23,-0.10,0.02,-1.05,0.07,
15:25:03.403,0.21,-0.26,-0.17,0.03,-1.05,0.06,
15:25:03.531,0.05,-0.14,-0.17,0.02,-1.06,0.08,
15:25:03.659,0.12,-0.19,-0.30,0.03,-1.05,0.08,
15:25:03.784,-0.14,-0.05,-0.33,0.02,-1.05,0.08,
15:25:03.912,-0.23,-0.12,0.10,0.03,-1.06,0.08,
15:25:04.039,-0.16,0.02,0.09,0.04,-1.05,0.07,
15:25:04.210,0.30,-0.24,0.09,0.03,-1.04,0.07,
15:25:04.335,-0.02,-0.07,0.03,0.01,-1.05,0.07,
15:25:04.422,0.16,-0.14,-0.23,0.03,-1.05,0.06,
15:25:04.584,-0.07,-0.07,-0.03,0.03,-1.06,0.07,
15:25:04.708,-0.05,0.00,-0.02,0.03,-1.06,0.08,
15:25:04.847,-0.37,0.03,-0.19,0.03,-1.06,0.09,
15:25:04.928,-0.14,-0.02,-0.16,0.03,-1.06,0.08,
15:25:05.055,-0.10,0.03,-0.35,0.04,-1.06,0.08,
15:25:05.184,-0.09,0.05,-0.12,0.03,-1.06,0.08,
15:25:05.310,-0.12,-0.10,-0.09,0.03,-1.06,0.08,
15:25:05.472,-0.05,-0.05,-0.16,0.03,-1.06,0.07,
15:25:05.566,-0.19,0.10,0.00,0.03,-1.06,0.08,
15:25:05.691,-0.33,0.02,0.14,0.03,-1.05,0.08,
15:25:05.818,0.00,0.21,-0.02,0.03,-1.07,0.07,
15:25:05.945,-0.05,0.21,0.00,0.03,-1.05,0.08,
15:25:06.107,-0.07,0.21,0.05,0.02,-1.05,0.08,
15:25:06.199,-0.37,0.09,-0.03,0.03,-1.05,0.07,
15:25:06.327,-0.03,-0.17,0.07,0.04,-1.05,0.06,
15:25:06.455,0.07,0.09,-0.03,0.03,-1.05,0.08,
15:25:06.580,-0.26,-0.02,0.00,0.03,-1.05,0.07,
15:25:06.708,-0.10,0.28,-0.05,0.03,-1.05,0.08,
15:25:06.881,-0.05,0.03,-0.02,0.03,-1.05,0.06,
15:25:06.961,-0.40,0.26,-0.17,0.03,-1.06,0.07,
15:25:07.088,0.09,0.12,-0.03,0.03,-1.06,0.08,
15:25:07.216,0.00,0.31,-0.26,0.03,-1.04,0.07,
15:25:07.342,-0.17,0.00,-0.05,0.02,-1.06,0.06,
15:25:07.470,-0.05,-0.05,0.02,0.02,-1.06,0.06,
15:25:07.641,-0.30,-0.19,-0.21,0.03,-1.05,0.08,
15:25:07.723,-0.12,-0.35,-0.09,0.03,-1.05,0.08,
15:25:07.891,0.17,0.02,-0.24,0.03,-1.05,0.07,